id,name
1,General Merchandise
2,Gaming PCs & Hardware
3,Food Processors & Blenders
4,Agricultural & Industrial Equipment
5,Air Conditioning & Climate Control
6,Art Supplies & Painting
7,"Arts, Crafts & Sewing"
8,Audio & Headphones
9,Automotive & Car Accessories
10,Baby Care & Nursery
11,"Bedding, Bath & Table Linens"
12,Books - Literature & Fiction
13,Books - Imported & International
14,Books - Technical & Science
15,"CDs, Vinyl & Music Media"
16,Holiday & Festival Decor
17,"Cameras, Optics & Photography"
18,Computers & Laptops
19,Computer Accessories & Peripherals
20,Gaming Consoles & Video Games
21,Building & Construction Hardware
22,Work Lights & Lighting Equipment
23,Safety & Protective Gear
24,Smart Gadgets & Novelty Tech
25,Lawn Care & Power Equipment
26,Power & Hand Tools
27,Diapers & Personal Hygiene
28,"Beverages, Juices & Energy Drinks"
29,"Movies, DVD & Blu-Ray"
30,Consumer Electronics
31,Women's Fashion & Apparel
32,"Bags, Backpacks & Wallets"
33,Kids' & Children's Clothing
34,Men's Fashion & Apparel
35,Footwear & Athletic Shoes
36,Sportswear & Activewear
37,Swimwear & Loungewear
38,Landline & Office Telephones
39,Fresh Flowers & Plants
40,Gourmet Food & Pantry Essentials
41,"Artisan Coffee, Tea & Snacks"
42,Bedroom Furniture & Storage
43,Home Decor & Accents
44,Living Room Furniture
45,Mattresses & Cushions
46,Garden Tools & Watering
47,"Health, Skincare & Beauty"
48,Major Home Appliances
49,Compact Home Appliances
50,Home Wellness & Thermostats
51,Cozy Living & Relaxation
52,Home Improvement & Painting
53,Kitchen Cookware & Utensils
54,Office Supplies & Commercial Gear
55,Outdoor & Patio Furniture
56,Chef Knives & Culinary Tools
57,Luggage & Travel Accessories
58,Retail & Market Supplies
59,Musical Instruments Accessories
60,Musical Instruments & Keyboards
61,Office Desks & Ergonomic Chairs
62,Party Supplies & Celebrations
63,Perfumery & Luxury Fragrances
64,Pet Supplies & Pet Care
65,Smart Home Security & Safes
66,Safety Signs & Road Security
67,Kitchen Small Appliances
68,Coffee Machines & Countertop Ovens
69,"Sports, Fitness & Outdoor Recreation"
70,"Stationery, Notebooks & Writing"
71,"Tablets, Drawing & Printing"
72,Smartphones & Mobile Accessories
73,"Toys, Puzzles & Board Games"
74,Watches & Luxury Gifts
